phoneNumber,displayName,businessName,categories,spamScore,isVerified,officialWebsite,notes
,,State Bank of India,BUSINESS_SERVICE,0,true,https://sbi.co.in,Contact Us page
,,HDFC Bank,BUSINESS_SERVICE,0,true,https://www.hdfcbank.com,
,,ICICI Bank,BUSINESS_SERVICE,0,true,https://www.icicibank.com,
,,Axis Bank,BUSINESS_SERVICE,0,true,https://www.axisbank.com,
,,Kotak Mahindra Bank,BUSINESS_SERVICE,0,true,https://www.kotak.com,
,,Punjab National Bank,BUSINESS_SERVICE,0,true,https://www.pnbindia.in,
,,Bank of Baroda,BUSINESS_SERVICE,0,true,https://www.bankofbaroda.in,
,,Canara Bank,BUSINESS_SERVICE,0,true,https://canarabank.com,
,,Union Bank of India,BUSINESS_SERVICE,0,true,https://www.unionbankofindia.co.in,
,,IndusInd Bank,BUSINESS_SERVICE,0,true,https://www.indusind.com,
,,Yes Bank,BUSINESS_SERVICE,0,true,https://www.yesbank.in,
,,IDFC First Bank,BUSINESS_SERVICE,0,true,https://www.idfcfirstbank.com,
,,Reliance Jio,BUSINESS_SERVICE,0,true,https://www.jio.com,
,,Bharti Airtel,BUSINESS_SERVICE,0,true,https://www.airtel.in,
,,Vodafone Idea (Vi),BUSINESS_SERVICE,0,true,https://www.myvi.in,
,,BSNL,BUSINESS_SERVICE,0,true,https://www.bsnl.co.in,
,,Paytm,BUSINESS_SERVICE,0,true,https://paytm.com,
,,PhonePe,BUSINESS_SERVICE,0,true,https://www.phonepe.com,
,,Amazon India,BUSINESS_SERVICE,0,true,https://www.amazon.in,
,,Flipkart,BUSINESS_SERVICE,0,true,https://www.flipkart.com,
,,Swiggy,DELIVERY,0,true,https://www.swiggy.com,
,,Zomato,DELIVERY,0,true,https://www.zomato.com,
,,Blue Dart,DELIVERY,0,true,https://www.bluedart.com,
,,Delhivery,DELIVERY,0,true,https://www.delhivery.com,
,,India Post,DELIVERY,0,true,https://www.indiapost.gov.in,
,,LIC of India,BUSINESS_SERVICE,0,true,https://licindia.in,
,,IRCTC,BUSINESS_SERVICE,0,true,https://www.irctc.co.in,
,,Indian Oil (Indane),BUSINESS_SERVICE,0,true,https://iocl.com,
,,Bharat Gas,BUSINESS_SERVICE,0,true,https://ebharatgas.com,
,,HP Gas,BUSINESS_SERVICE,0,true,https://www.myhpgas.in,
